,Overall,Overall,Overall,Overall,Overall,Overall,Conf.,Conf.,Home,Home,Away,Away,Points,Points,,School Totals,School Totals,School Totals,School Totals,School Totals,School Totals,School Totals,School Totals,School Totals,School Totals,School Totals,School Totals,School Totals,School Totals,School Totals,School Totals,School Totals
School,G,W,L,W-L%,SRS,SOS,W,L,W,L,W,L,Tm.,Opp.,,MP,FG,FGA,FG%,3P,3PA,3P%,FT,FTA,FT%,ORB,TRB,AST,STL,BLK,TOV,PF
Abilene Christian NCAA,33,27,6,0.818,-1.3,-8.13,14,4,13,2,10,4,2458,2082,,1330,880,1858,0.474,246,637,0.386,452,632,0.715,322,1093,514,288,90,397,619
Air Force,32,14,18,0.438,-3.94,0.58,8,10,9,6,3,9,2179,2294,,1300,802,1777,0.451,234,712,0.329,341,503,0.678,253,1077,434,154,57,423,543
Akron,33,17,16,0.515,5.2,1.42,8,10,14,3,1,10,2271,2107,,1325,797,1948,0.409,297,929,0.32,380,539,0.705,312,1204,399,185,106,388,569
Alabama A&M,32,5,27,0.156,-19.28,-8.44,4,14,4,7,0,18,1938,2285,,1295,736,1807,0.407,182,576,0.316,284,453,0.627,314,1025,384,234,49,487,587
Alabama-Birmingham,34,20,14,0.588,0.85,-1.25,10,8,11,5,6,5,2392,2287,,1370,879,1938,0.454,227,675,0.336,407,607,0.671,353,1237,395,215,80,388,559
Alabama State,31,12,19,0.387,-15.69,-7.93,9,9,8,3,3,13,2086,2235,,1250,712,1763,0.404,216,674,0.32,446,684,0.652,365,1094,313,203,102,451,565
Alabama,33,18,15,0.545,10.27,9.79,8,10,10,5,4,8,2369,2353,,1320,827,1876,0.441,233,688,0.339,482,722,0.668,368,1241,401,152,154,449,560
Albany (NY),32,12,20,0.375,-9.21,-6.53,7,9,6,8,6,10,2150,2216,,1300,728,1750,0.416,274,790,0.347,420,564,0.745,294,1083,402,195,78,454,566
Alcorn State,31,10,21,0.323,-22.15,-9.04,6,12,10,3,0,17,1995,2194,,1245,709,1721,0.412,211,646,0.327,366,543,0.674,334,1079,391,229,107,492,548
American,30,15,15,0.5,-4.02,-7.05,9,9,8,7,6,8,2161,2070,,1220,780,1643,0.475,190,583,0.326,411,589,0.698,251,1013,401,221,131,386,520
Appalachian State,32,11,21,0.344,-3.59,0.24,6,12,9,5,2,12,2557,2539,,1290,880,1938,0.454,292,814,0.359,505,706,0.715,310,1126,406,171,89,418,585
Arizona State NCAA,32,22,10,0.688,10.46,5.71,12,6,13,3,6,5,2490,2338,,1300,851,1903,0.447,232,680,0.341,556,829,0.671,389,1283,435,199,103,434,635
Arizona,32,17,15,0.531,8.36,6.36,8,10,12,5,4,7,2269,2205,,1290,794,1861,0.427,235,699,0.336,446,620,0.719,324,1116,397,165,73,370,594
Little Rock,31,10,21,0.323,-4.64,-1.85,5,13,7,9,3,12,2301,2353,,1250,817,1687,0.484,206,581,0.355,461,703,0.656,244,1060,443,169,87,503,622
Arkansas-Pine Bluff,32,13,19,0.406,-14.51,-8.25,10,8,8,2,4,17,2108,2269,,1300,719,1685,0.427,194,574,0.338,476,702,0.678,317,1063,365,216,108,478,629
Arkansas State,32,13,19,0.406,-6.83,-0.97,7,11,10,4,2,13,2359,2475,,1310,796,1904,0.418,237,709,0.334,530,721,0.735,403,1211,363,183,139,448,684
Arkansas,33,18,15,0.545,12.14,8.99,8,10,12,6,4,7,2499,2395,,1330,874,1949,0.448,251,724,0.347,500,749,0.668,337,1111,521,266,162,439,667
Army,32,13,19,0.406,-7.35,-4.51,8,10,10,4,3,13,2268,2305,,1280,837,1956,0.428,272,864,0.315,322,471,0.684,259,1125,499,198,50,376,544
Auburn NCAA,35,26,9,0.743,20.36,10.07,11,7,15,2,4,6,2785,2384,,1410,956,2135,0.448,396,1052,0.376,477,669,0.713,419,1212,501,330,168,424,636
Austin Peay,33,22,11,0.667,0.63,-4.37,13,5,10,2,8,7,2712,2413,,1335,973,2060,0.472,268,702,0.382,498,705,0.706,397,1215,454,252,110,392,595
Ball State,33,16,17,0.485,3.72,1.54,6,12,7,7,8,7,2478,2362,,1340,889,1892,0.47,202,621,0.325,498,709,0.702,308,1243,426,217,119,480,580
Baylor NCAA,32,19,13,0.594,12.84,8.37,10,8,13,5,5,6,2293,2150,,1285,816,1853,0.44,254,748,0.34,407,604,0.674,428,1222,443,196,152,424,599
Belmont NCAA,32,27,5,0.844,8.98,-3.19,16,2,13,1,12,3,2791,2360,,1290,1015,2029,0.5,334,893,0.374,427,578,0.739,277,1238,631,218,121,371,493
Bethune-Cookman,31,14,17,0.452,-11.84,-9.6,9,7,11,4,3,12,2290,2245,,1250,833,1899,0.439,204,635,0.321,420,689,0.61,415,1273,443,234,108,501,610
Binghamton,33,10,23,0.303,-13.72,-4.49,5,11,5,11,5,12,2152,2376,,1320,793,1842,0.431,275,788,0.349,291,452,0.644,244,1060,324,183,152,409,474
Boise State,33,13,20,0.394,3.86,1.33,7,11,8,7,3,10,2364,2263,,1330,845,1801,0.469,252,715,0.352,422,584,0.723,242,1016,398,200,68,379,569
Boston College,31,14,17,0.452,6.47,8.41,5,13,10,8,2,8,2196,2256,,1260,768,1808,0.425,218,687,0.317,442,633,0.698,331,1137,382,159,103,378,509
Boston University,33,15,18,0.455,-6.42,-5.2,7,11,7,7,8,10,2385,2387,,1325,922,1922,0.48,221,639,0.346,320,468,0.684,311,1091,447,199,73,425,578
Bowling Green State,34,22,12,0.647,4.53,1.15,12,6,14,2,5,8,2668,2496,,1370,945,2134,0.443,272,762,0.357,506,755,0.67,408,1396,427,227,90,412,595
Bradley NCAA,34,20,14,0.588,-0.29,-1.47,9,9,10,6,5,8,2264,2209,,1365,790,1822,0.434,231,632,0.366,453,654,0.693,311,1169,410,183,128,430,595
Brigham Young,32,19,13,0.594,6.39,3.54,11,5,13,3,5,8,2527,2436,,1295,878,1877,0.468,226,684,0.33,545,750,0.727,263,1116,482,203,107,354,626
Brown,30,19,11,0.633,-0.17,-3.49,7,7,12,3,7,8,2209,2045,,1210,759,1714,0.443,231,685,0.337,460,649,0.709,255,1099,385,229,114,427,565
Bryant,30,10,20,0.333,-14.88,-7.34,7,11,8,6,2,13,2088,2314,,1200,709,1680,0.422,230,708,0.325,440,618,0.712,285,969,319,158,79,383,575
Bucknell,33,21,12,0.636,0.75,-2.77,13,5,12,3,7,8,2534,2418,,1325,867,1928,0.45,311,885,0.351,489,653,0.749,286,1154,519,173,116,409,627
Buffalo NCAA,34,31,3,0.912,15.99,2.17,16,2,14,0,12,3,2888,2398,,1365,1033,2232,0.463,325,968,0.336,497,719,0.691,428,1395,573,249,138,402,617
Butler,32,16,16,0.5,9.77,8.49,7,11,12,4,2,9,2298,2257,,1290,835,1877,0.445,280,799,0.35,348,472,0.737,280,1032,418,188,61,351,570
Cal Poly,29,6,23,0.207,-13.72,-3.31,2,14,4,8,1,14,1930,2183,,1185,706,1715,0.412,225,687,0.328,293,452,0.648,284,975,301,147,99,334,544
Cal State Bakersfield,31,16,15,0.516,-4.69,-2.08,7,9,9,4,5,9,2211,2207,,1255,811,1896,0.428,212,638,0.332,377,565,0.667,446,1155,359,205,98,410,684
Cal State Fullerton,33,16,17,0.485,-2.77,-0.81,10,6,9,3,4,11,2379,2348,,1345,850,1861,0.457,182,570,0.319,497,707,0.703,271,1187,397,195,112,437,617
Cal State Northridge,34,13,21,0.382,-6.33,-3.18,7,9,7,9,4,10,2601,2701,,1375,968,2104,0.46,234,649,0.361,431,676,0.638,352,1214,512,225,154,410,641
California Baptist,30,16,14,0.533,-3.8,-4.07,7,9,8,6,8,6,2348,2185,,1220,816,1813,0.45,280,779,0.359,436,557,0.783,298,1131,339,146,82,364,610
UC-Davis,31,11,20,0.355,-6,-1.24,7,9,7,6,3,12,2038,2128,,1260,735,1673,0.439,203,619,0.328,365,515,0.709,218,928,375,196,71,412,596
UC-Irvine NCAA,35,30,5,0.857,5.85,-3,15,1,12,2,13,2,2551,2216,,1420,945,2058,0.459,238,660,0.361,423,608,0.696,412,1404,463,199,148,412,648
UC-Riverside,33,10,23,0.303,-10.87,-2.94,4,12,7,7,2,14,2153,2279,,1325,793,1787,0.444,279,741,0.377,288,421,0.684,281,1051,426,164,60,425,561
UC-Santa Barbara,32,22,10,0.688,-1.43,-5.36,10,6,12,3,7,6,2350,2114,,1290,825,1818,0.454,204,594,0.343,496,693,0.716,379,1204,431,159,106,355,559
University of California,31,8,23,0.258,-3.09,5.49,3,15,7,9,1,10,2121,2387,,1245,739,1735,0.426,207,592,0.35,436,603,0.723,249,899,335,227,98,352,573
Campbell,33,20,13,0.606,-3.75,-4.52,12,4,12,4,5,7,2495,2328,,1325,867,1906,0.455,313,912,0.343,448,591,0.758,267,1051,482,218,104,337,522
Canisius,32,15,17,0.469,-8.6,-4.67,11,7,5,8,9,5,2250,2376,,1295,798,1834,0.435,256,791,0.324,398,575,0.692,300,1026,466,204,108,412,626
Central Arkansas,33,14,19,0.424,-11.03,-4.46,8,10,8,5,5,13,2383,2498,,1330,810,1903,0.426,276,784,0.352,487,667,0.73,299,1164,463,202,120,478,611
Central Connecticut State,31,11,20,0.355,-13.69,-6.38,5,13,5,7,5,12,2205,2367,,1260,754,1821,0.414,201,612,0.328,496,634,0.782,332,1107,353,172,110,427,598
Central Florida NCAA,31,23,8,0.742,12.48,4.64,13,5,15,2,5,5,2236,1993,,1245,765,1652,0.463,211,596,0.354,495,767,0.645,300,1139,411,178,139,367,524
Central Michigan,34,23,11,0.676,3.43,-0.24,10,8,13,4,7,5,2810,2590,,1385,959,2113,0.454,294,793,0.371,598,888,0.673,412,1292,448,258,105,412,579
Charleston Southern,32,17,15,0.531,-2.28,-4.31,9,7,11,4,4,10,2439,2230,,1290,871,2032,0.429,317,901,0.352,380,562,0.676,390,1200,459,252,106,414,537
Charlotte,29,8,21,0.276,-8.12,-0.67,5,13,5,9,3,9,1776,1992,,1160,598,1441,0.415,191,615,0.311,389,524,0.742,199,892,288,138,101,418,490
Chattanooga,32,12,20,0.375,-7.49,-0.39,7,11,8,6,4,11,2268,2376,,1285,833,1881,0.443,290,795,0.365,312,457,0.683,278,1096,419,139,79,409,553
Chicago State,32,3,29,0.094,-24.43,1.07,0,16,3,8,0,19,1970,2710,,1280,718,1749,0.411,141,468,0.301,393,582,0.675,249,993,373,193,72,512,625
Cincinnati NCAA,34,28,6,0.824,14.6,5.1,14,4,16,2,7,4,2438,2115,,1370,844,1953,0.432,226,646,0.35,524,744,0.704,431,1232,457,210,153,358,545
Citadel,30,12,18,0.4,-7.72,0.24,4,14,8,7,4,10,2553,2584,,1210,899,2010,0.447,370,1076,0.344,385,523,0.736,322,1107,463,201,110,386,528
Clemson,33,20,13,0.606,14.85,9.61,9,9,13,4,4,6,2284,2111,,1320,818,1803,0.454,215,647,0.332,433,592,0.731,298,1169,404,214,148,439,539
Cleveland State,31,10,21,0.323,-7.88,-1.43,5,13,8,9,2,12,2300,2437,,1250,799,1834,0.436,303,820,0.37,399,585,0.682,303,1094,460,174,97,412,551
Coastal Carolina,31,15,16,0.484,-1.17,-2,9,9,9,4,5,10,2364,2265,,1250,797,1772,0.45,249,680,0.366,521,724,0.72,338,1138,406,196,76,442,638
Colgate NCAA,34,24,10,0.706,1.02,-4.41,13,5,15,1,9,9,2578,2381,,1375,930,1939,0.48,305,786,0.388,413,557,0.741,319,1209,531,210,120,443,532
College of Charleston,33,24,9,0.727,2.71,-2.6,12,6,13,2,8,5,2453,2265,,1330,878,1818,0.483,227,667,0.34,470,615,0.764,260,1060,387,216,76,347,486
Colorado State,32,12,20,0.375,0.19,1.71,7,11,8,9,3,8,2393,2406,,1285,866,1818,0.476,259,722,0.359,402,579,0.694,256,1080,472,200,74,372,522
Colorado,34,22,12,0.647,10.01,3.65,10,8,13,2,5,8,2517,2301,,1365,879,1928,0.456,220,675,0.326,539,718,0.751,349,1273,452,174,102,452,586
Columbia,28,10,18,0.357,-5.01,-1.97,5,9,5,7,4,9,2059,2052,,1160,778,1721,0.452,237,655,0.362,266,378,0.704,255,986,443,218,78,366,539
Connecticut,33,16,17,0.485,6.7,4.21,6,12,13,5,1,8,2436,2354,,1325,874,1959,0.446,252,732,0.344,436,641,0.68,380,1167,422,200,145,427,643
Coppin State,33,8,25,0.242,-18.76,-6.97,7,9,3,7,4,16,2118,2507,,1330,710,1827,0.389,240,841,0.285,458,689,0.665,314,1218,326,169,115,555,619
Cornell,31,15,16,0.484,-6,-1.9,7,7,9,4,6,11,2149,2211,,1260,754,1707,0.442,243,732,0.332,398,551,0.722,191,1015,453,181,107,414,491
Creighton,33,19,14,0.576,12.56,8.91,9,9,11,6,4,7,2590,2423,,1340,928,1925,0.482,357,908,0.393,377,549,0.687,268,1122,526,223,83,434,549
Dartmouth,30,11,19,0.367,-5.61,-2.86,2,12,8,6,2,12,2160,2116,,1210,791,1748,0.453,264,719,0.367,314,435,0.722,246,1020,415,159,98,361,468
Davidson,34,24,10,0.706,6.63,2.2,14,4,14,1,7,5,2409,2229,,1365,852,1893,0.45,312,882,0.354,393,525,0.749,264,1185,499,175,82,378,539
Dayton,33,21,12,0.636,9.91,3.16,13,5,13,4,7,3,2406,2183,,1335,902,1789,0.504,205,617,0.332,397,575,0.69,261,1145,541,164,81,414,463
Delaware State,31,6,25,0.194,-26.8,-10.11,2,14,3,9,2,15,1956,2371,,1240,695,1963,0.354,234,789,0.297,332,489,0.679,378,1144,333,214,65,435,589
Delaware,33,17,16,0.515,-7.56,-4.46,8,10,9,7,7,8,2352,2380,,1360,830,1808,0.459,282,746,0.378,410,564,0.727,254,1083,425,149,78,378,523
Denver,30,8,22,0.267,-11.69,-2.82,3,13,6,7,1,14,2086,2319,,1205,755,1723,0.438,227,622,0.365,349,460,0.759,275,1041,354,142,78,408,506
DePaul,30,15,15,0.5,6.82,5.05,7,11,12,6,3,8,2306,2253,,1205,827,1772,0.467,203,589,0.345,449,627,0.716,340,1125,438,190,87,414,536
Detroit Mercy,31,11,20,0.355,-6.25,-0.29,8,10,6,6,4,14,2279,2464,,1240,784,1875,0.418,294,825,0.356,417,581,0.718,336,1019,319,238,77,355,528
Drake,33,24,9,0.727,3.29,-0.23,12,6,13,2,7,5,2490,2307,,1340,880,1868,0.471,273,750,0.364,457,607,0.753,271,1174,508,174,126,436,549
Drexel,32,13,19,0.406,-6.68,-2.59,7,11,9,7,3,11,2425,2475,,1280,874,1900,0.46,237,669,0.354,440,584,0.753,312,1126,464,144,62,377,543
Duke NCAA,34,29,5,0.853,28.34,12.4,14,4,15,2,7,2,2839,2297,,1365,1037,2173,0.477,247,818,0.302,518,751,0.69,455,1421,541,322,232,446,539
Duquesne,32,19,13,0.594,0.72,-0.44,10,8,14,4,4,6,2351,2314,,1295,810,1895,0.427,271,841,0.322,460,663,0.694,379,1133,443,250,151,451,580
East Carolina,31,10,21,0.323,-5.63,1.18,3,15,8,9,1,11,2088,2299,,1255,749,1791,0.418,155,545,0.284,435,638,0.682,317,1061,382,223,110,416,622
East Tennessee State,33,24,9,0.727,5.99,-1.5,13,5,13,2,8,6,2613,2269,,1335,971,2001,0.485,261,725,0.36,410,617,0.665,430,1320,513,246,131,470,582
Eastern Illinois,32,14,18,0.438,-11.77,-4.96,7,11,7,6,5,10,2299,2457,,1310,826,1912,0.432,272,735,0.37,375,545,0.688,347,1147,434,200,120,427,569
Eastern Kentucky,31,13,18,0.419,-7.33,-2.4,6,12,9,5,3,11,2562,2577,,1265,902,2125,0.424,272,832,0.327,486,683,0.712,362,1167,458,317,101,447,661
Eastern Michigan,32,15,17,0.469,0.8,4.83,9,9,11,7,4,10,2203,2213,,1295,818,1822,0.449,187,634,0.295,380,604,0.629,400,1155,369,237,142,442,530
Eastern Washington,34,16,18,0.471,-6.81,-4.21,12,8,9,4,4,13,2460,2527,,1380,876,2040,0.429,310,886,0.35,398,546,0.729,299,1192,467,200,101,401,632
Elon,32,11,21,0.344,-11.12,-3.15,7,11,5,11,6,7,2266,2445,,1290,812,1860,0.437,335,942,0.356,307,443,0.693,265,1080,468,135,59,413,539
Evansville,32,11,21,0.344,-3.7,0.26,5,13,9,7,2,13,2234,2317,,1295,747,1776,0.421,264,776,0.34,476,660,0.721,215,1095,394,185,89,416,601
Fairfield,31,9,22,0.29,-10.11,-7.04,6,12,5,7,3,13,2072,2167,,1240,761,1755,0.434,259,740,0.35,291,420,0.693,273,968,401,202,63,436,612
Fairleigh Dickinson NCAA,34,21,13,0.618,-5.66,-8.04,12,6,13,4,7,9,2571,2428,,1380,906,1889,0.48,263,651,0.404,496,680,0.729,315,1125,478,254,128,460,564
Florida A&M,31,12,19,0.387,-13.54,-8.06,9,7,6,3,6,14,1927,2057,,1245,719,1640,0.438,180,489,0.368,309,503,0.614,288,991,355,226,111,499,580
Florida Atlantic,32,17,15,0.531,-1.02,-1.44,8,10,9,5,6,8,2256,2175,,1295,788,1913,0.412,279,865,0.323,401,535,0.75,357,1266,407,178,93,473,562
Florida Gulf Coast,32,14,18,0.438,-4.94,-1.31,9,7,10,4,4,10,2280,2360,,1280,809,1786,0.453,269,724,0.372,393,588,0.668,272,1064,449,216,133,479,514
Florida International,32,19,13,0.594,-3.76,-1.3,10,8,12,4,5,8,2643,2555,,1280,933,2115,0.441,269,878,0.306,508,795,0.639,347,1150,468,339,146,448,621
Florida State NCAA,34,27,7,0.794,18.37,10.58,13,5,15,1,6,4,2547,2282,,1380,879,1984,0.443,255,760,0.336,534,721,0.741,389,1271,438,237,145,459,651
Florida NCAA,34,19,15,0.559,15.74,11.12,9,9,9,6,5,6,2321,2164,,1375,814,1908,0.427,277,828,0.335,416,579,0.718,361,1141,416,244,126,400,581
Fordham,32,12,20,0.375,-4.76,-2.15,3,15,9,10,3,8,2108,2141,,1295,759,1890,0.402,276,831,0.332,314,462,0.68,305,1082,360,188,108,345,559
Fresno State,32,23,9,0.719,9.32,1,13,5,13,4,7,3,2448,2162,,1285,847,1866,0.454,342,897,0.381,412,572,0.72,300,1138,457,228,111,400,591
Furman,32,25,7,0.781,8,-1.49,13,5,13,2,11,4,2492,2106,,1300,904,1900,0.476,330,908,0.363,354,496,0.714,320,1144,510,280,135,401,465
Gardner-Webb NCAA,34,23,11,0.676,-3.05,-5.4,11,6,13,0,8,9,2662,2397,,1390,933,1912,0.488,272,696,0.391,524,737,0.711,268,1169,492,233,99,391,545
George Mason,33,18,15,0.545,1.04,0.29,11,7,11,6,6,6,2314,2289,,1330,825,1855,0.445,210,637,0.33,454,634,0.716,323,1166,399,204,95,428,563
George Washington,33,9,24,0.273,-6.4,1.45,4,14,6,11,2,10,2097,2356,,1340,745,1842,0.404,196,631,0.311,411,600,0.685,274,1116,375,170,96,413,526
Georgetown,32,19,13,0.594,7.53,5.91,9,9,13,5,5,6,2557,2505,,1315,869,1955,0.445,264,736,0.359,555,755,0.735,340,1269,531,189,130,435,566
Georgia Southern,33,21,12,0.636,3.96,0.34,12,6,10,4,7,7,2726,2489,,1330,1012,2027,0.499,203,631,0.322,499,721,0.692,316,1186,401,254,131,451,590
Georgia State NCAA,33,24,9,0.727,3.1,0.35,13,5,13,1,7,7,2543,2407,,1320,885,1908,0.464,324,836,0.388,449,677,0.663,267,1083,410,263,157,384,572
Georgia Tech,32,14,18,0.438,7.51,8.73,6,12,11,7,3,9,2091,2130,,1285,755,1714,0.44,176,573,0.307,405,588,0.689,262,1076,433,221,166,459,560
Georgia,32,11,21,0.344,5.62,8.43,2,16,8,9,2,9,2274,2364,,1280,776,1760,0.441,210,652,0.322,512,726,0.705,357,1215,423,185,163,506,565
Gonzaga NCAA,33,30,3,0.909,28.23,4.44,16,0,17,0,9,1,2932,2147,,1320,1062,1997,0.532,257,704,0.365,551,718,0.767,315,1275,594,249,178,342,530
Grambling,33,17,16,0.515,-9.96,-9.59,10,8,11,3,6,11,2353,2262,,1330,803,1791,0.448,216,541,0.399,531,776,0.684,306,1255,398,189,145,521,683
Grand Canyon,33,20,13,0.606,4.49,-1.45,10,6,12,2,5,7,2497,2276,,1330,882,1944,0.454,248,748,0.332,483,659,0.733,344,1202,466,202,71,397,577
Green Bay,33,17,16,0.515,-3.31,-0.01,10,8,12,3,4,12,2653,2633,,1330,944,2084,0.453,257,757,0.339,508,722,0.704,317,1197,489,259,134,422,634
Hampton,31,15,16,0.484,-4.28,-5.35,9,7,10,3,5,11,2533,2380,,1270,860,1983,0.434,263,764,0.344,548,701,0.782,332,1194,435,194,110,334,586
Hartford,33,18,15,0.545,-3.68,-4.62,10,6,10,4,8,9,2477,2407,,1345,848,1863,0.455,322,846,0.381,459,619,0.742,278,1050,462,228,69,401,552
Harvard,29,18,11,0.621,1.38,0.17,10,4,9,2,7,8,2074,2028,,1185,733,1603,0.457,250,679,0.368,358,501,0.715,267,1043,348,167,111,458,514
Hawaii,31,18,13,0.581,-1.06,-3.37,9,7,12,5,4,5,2241,2131,,1250,788,1746,0.451,266,751,0.354,399,576,0.693,278,1055,478,156,66,368,556
High Point,31,16,15,0.516,-5.77,-4.53,9,7,9,4,5,8,2115,2105,,1255,763,1719,0.444,180,583,0.309,409,604,0.677,363,1183,404,170,91,406,502
Hofstra,35,27,8,0.771,5.04,-4.16,15,3,15,1,10,5,2919,2553,,1440,998,2055,0.486,308,800,0.385,615,767,0.802,305,1168,492,228,122,342,526
Holy Cross,33,16,17,0.485,-6.27,-3.85,6,12,8,6,6,11,2216,2296,,1335,848,1834,0.462,237,670,0.354,283,424,0.667,220,916,510,241,127,350,481
Houston Baptist,30,12,18,0.4,-9,-5.18,8,10,9,4,3,13,2465,2484,,1225,865,1896,0.456,200,588,0.34,535,793,0.675,409,1142,449,234,54,442,593
Houston NCAA,34,31,3,0.912,18.23,3.85,16,2,19,1,10,1,2571,2082,,1360,902,2030,0.444,313,871,0.359,454,647,0.702,422,1391,503,219,153,386,648
Howard,33,17,16,0.515,-12.36,-9.79,10,6,6,8,9,7,2612,2580,,1330,914,2104,0.434,234,643,0.364,550,762,0.722,394,1219,450,193,139,417,628
Idaho State,30,11,19,0.367,-13.15,-4.79,7,13,6,7,5,11,2198,2369,,1200,779,1742,0.447,274,752,0.364,366,498,0.735,275,975,383,154,88,360,497
Idaho,32,5,27,0.156,-18.72,-6.16,2,18,4,11,1,13,2174,2460,,1285,778,1764,0.441,251,678,0.37,367,507,0.724,258,1061,399,130,53,433,581
Illinois-Chicago,32,16,16,0.5,-3.14,-1.97,10,8,12,4,4,12,2391,2385,,1295,865,1881,0.46,303,856,0.354,358,525,0.682,271,1106,478,210,124,457,684
Illinois State,33,17,16,0.515,-1.86,0.46,9,9,12,4,2,10,2257,2314,,1330,813,1887,0.431,244,734,0.332,387,540,0.717,298,1139,421,162,106,417,577
Illinois,33,12,21,0.364,9.47,12.05,7,13,9,6,1,9,2398,2483,,1335,862,2001,0.431,259,751,0.345,415,591,0.702,351,1089,446,244,86,435,696
Incarnate Word,31,6,25,0.194,-18.68,-4.87,1,17,5,9,0,14,2044,2355,,1255,711,1527,0.466,174,508,0.343,448,553,0.81,204,845,354,184,53,504,592
Indiana State,31,15,16,0.484,-2.59,0.76,7,11,9,5,4,9,2146,2218,,1250,757,1719,0.44,178,491,0.363,454,621,0.731,250,1007,342,207,73,410,586
Indiana,33,18,15,0.545,14.81,10.66,8,12,13,5,3,9,2378,2241,,1340,873,1893,0.461,199,636,0.313,433,658,0.658,322,1198,444,213,146,411,563
Iona NCAA,32,17,15,0.531,-5.04,-6.26,12,6,8,3,5,9,2459,2420,,1280,835,1842,0.453,282,804,0.351,507,684,0.741,282,1126,420,217,89,394,552
Iowa State NCAA,34,23,11,0.676,18.14,9.02,9,9,12,4,5,6,2633,2323,,1360,951,1994,0.477,288,789,0.365,443,605,0.732,321,1199,518,238,158,367,502
Iowa NCAA,33,22,11,0.667,14.44,9.78,10,10,14,4,4,6,2584,2430,,1330,862,1894,0.455,267,739,0.361,593,801,0.74,343,1179,519,204,108,401,529
Purdue-Fort Wayne,33,18,15,0.545,-3.3,-3.44,9,7,11,5,6,9,2728,2556,,1330,991,2060,0.481,360,949,0.379,386,557,0.693,271,1140,525,247,158,395,495
IUPUI,33,16,17,0.485,-2.73,-3.05,8,10,11,4,3,12,2507,2429,,1320,891,1969,0.453,234,695,0.337,491,699,0.702,403,1233,471,228,103,462,578
Jackson State,32,13,19,0.406,-14.61,-9.35,10,8,9,4,3,14,1974,2107,,1285,717,1773,0.404,155,555,0.279,385,607,0.634,331,1124,360,210,124,436,643
Jacksonville State,33,24,9,0.727,1.64,-5.42,15,3,11,1,10,7,2574,2283,,1345,953,2064,0.462,200,634,0.315,468,630,0.743,400,1310,451,245,138,440,552
Jacksonville,32,12,20,0.375,-8.16,-4.62,5,11,5,8,6,11,2385,2402,,1285,889,1953,0.455,213,645,0.33,394,582,0.677,330,1163,456,213,166,463,523
James Madison,33,14,19,0.424,-8.21,-3.76,6,12,8,6,4,11,2322,2409,,1350,821,1860,0.441,243,671,0.362,437,607,0.72,345,1123,403,211,101,420,612
Kansas State NCAA,33,25,8,0.758,15.78,9.2,14,4,13,2,7,5,2172,1955,,1320,784,1818,0.431,233,694,0.336,371,559,0.664,308,1100,454,251,75,372,532
Kansas NCAA,34,25,9,0.735,18.08,12.78,12,6,16,0,3,8,2563,2383,,1375,928,2008,0.462,246,702,0.35,461,661,0.697,353,1293,453,233,134,444,573
Kennesaw State,32,6,26,0.188,-16.1,-0.97,3,13,6,8,0,15,2030,2455,,1285,742,1945,0.381,136,438,0.311,410,590,0.695,372,1163,363,185,106,437,525
Kent State,32,22,10,0.688,1.88,0.88,11,7,14,3,8,6,2404,2330,,1290,850,1967,0.432,249,743,0.335,455,631,0.721,400,1153,418,219,115,367,587
Kentucky NCAA,33,27,6,0.818,21.76,10.46,15,3,17,1,8,2,2532,2159,,1325,878,1835,0.478,199,547,0.364,577,780,0.74,384,1272,457,199,167,417,537
La Salle,31,10,21,0.323,-3.33,1.58,8,10,5,9,3,8,2091,2243,,1240,719,1798,0.4,259,783,0.331,394,512,0.77,328,1060,391,230,98,435,630
Lafayette,30,10,20,0.333,-11.01,-4.77,7,11,4,11,6,9,2209,2349,,1220,802,1785,0.449,280,736,0.38,325,437,0.744,233,1001,419,156,125,402,515
Lamar,33,20,13,0.606,-5.72,-7,12,6,13,2,6,10,2597,2322,,1340,902,1977,0.456,228,665,0.343,565,823,0.687,446,1281,479,283,96,473,623
Lehigh,31,20,11,0.645,-2.16,-4.29,12,6,11,3,9,8,2479,2413,,1250,856,1773,0.483,287,677,0.424,480,619,0.775,232,1102,468,172,71,418,571
Liberty NCAA,34,28,6,0.824,4.78,-5.12,14,2,16,1,11,3,2516,2066,,1360,921,1877,0.491,300,816,0.368,374,485,0.771,263,1113,505,217,91,373,513
Lipscomb,33,26,7,0.788,8.79,-2.63,14,2,14,3,11,4,2759,2290,,1320,960,1982,0.484,291,776,0.375,548,727,0.754,300,1229,573,248,90,438,572
Long Beach State,34,15,19,0.441,-4.36,-0.23,8,8,9,5,4,12,2545,2584,,1375,877,2031,0.432,217,630,0.344,574,831,0.691,377,1263,399,219,105,479,620
Long Island University,32,16,16,0.5,-8.67,-8.77,9,9,8,5,7,9,2373,2337,,1285,822,1880,0.437,277,813,0.341,452,643,0.703,321,1196,430,218,157,471,610
Longwood,32,15,17,0.469,-9.86,-7.45,5,11,9,5,5,11,2228,2243,,1295,742,1755,0.423,302,879,0.344,442,605,0.731,269,1133,364,198,68,459,591
Louisiana,32,19,13,0.594,-1.86,-1.29,10,8,10,4,7,7,2612,2575,,1290,901,2021,0.446,283,814,0.348,527,710,0.742,363,1141,485,224,125,423,612
Louisiana-Monroe,33,18,15,0.545,1.04,-1.77,9,9,13,2,4,12,2584,2452,,1330,854,1890,0.452,330,835,0.395,546,698,0.782,297,1099,461,191,74,373,513
Louisiana State NCAA,32,26,6,0.813,17.24,8.9,16,2,15,2,9,1,2604,2337,,1315,912,1974,0.462,219,677,0.323,561,744,0.754,431,1241,420,291,138,422,597
Louisiana Tech,33,20,13,0.606,1.27,-1.99,9,9,15,1,4,10,2386,2235,,1335,840,1928,0.436,253,756,0.335,453,690,0.657,368,1204,440,190,115,386,535
Louisville NCAA,33,20,13,0.606,18.45,11.72,10,8,14,4,5,6,2460,2238,,1340,828,1908,0.434,285,834,0.342,519,670,0.775,338,1262,442,147,97,407,569
Loyola (IL),34,20,14,0.588,4.21,0.06,12,6,13,4,5,6,2231,2066,,1360,831,1688,0.492,206,564,0.365,363,545,0.666,190,1013,468,221,78,407,470
Loyola Marymount,31,20,11,0.645,3.09,1.19,8,8,11,4,7,6,2094,1951,,1240,744,1627,0.457,146,460,0.317,460,618,0.744,291,1005,413,224,93,396,556
Loyola (MD),32,11,21,0.344,-8.95,-4.42,7,11,7,5,3,16,2332,2477,,1295,842,1836,0.459,210,616,0.341,438,617,0.71,292,997,448,278,73,444,573
Maine,32,5,27,0.156,-14.89,-3.99,3,13,3,9,2,18,1988,2271,,1310,747,1728,0.432,201,647,0.311,293,452,0.648,280,1015,471,239,93,460,566
Manhattan,32,11,21,0.344,-12.79,-7.22,8,10,4,9,4,11,1833,2011,,1285,651,1606,0.405,219,659,0.332,312,534,0.584,326,1026,360,220,75,487,672
Marist,31,12,19,0.387,-9.36,-7.4,7,11,4,7,6,11,2086,2147,,1250,739,1647,0.449,245,675,0.363,363,530,0.685,241,967,377,172,53,387,583
Marquette NCAA,33,24,9,0.727,16.11,7.48,12,6,16,3,6,4,2565,2280,,1335,869,1895,0.459,311,791,0.393,516,680,0.759,317,1249,450,159,141,455,615
Marshall,34,20,14,0.588,-1.16,0.02,11,7,12,3,6,10,2725,2765,,1375,957,2172,0.441,340,984,0.346,471,651,0.724,296,1124,490,313,146,425,621
Maryland-Baltimore County,34,21,13,0.618,-5.65,-5.65,11,5,13,4,6,8,2296,2177,,1400,820,1893,0.433,261,807,0.323,395,572,0.691,296,1145,452,268,83,428,578
Maryland-Eastern Shore,32,7,25,0.219,-24.07,-7.77,5,11,5,7,2,17,1833,2291,,1285,666,1705,0.391,172,610,0.282,329,489,0.673,264,990,361,186,70,431,575
Maryland NCAA,32,22,10,0.688,16.71,10.43,13,7,15,3,6,5,2283,2082,,1280,807,1777,0.454,232,657,0.353,437,584,0.748,351,1252,423,139,151,420,495
Massachusetts-Lowell,32,15,17,0.469,-8.07,-6.73,7,9,8,5,5,12,2456,2420,,1290,875,1852,0.472,246,721,0.341,460,639,0.72,293,1115,500,181,85,447,589
Massachusetts,32,11,21,0.344,-2.81,0.04,4,14,9,8,1,11,2263,2354,,1290,808,1833,0.441,256,732,0.35,391,574,0.681,342,1122,469,154,93,445,643
McNeese State,31,9,22,0.29,-14.12,-5.86,5,13,7,8,2,14,2149,2303,,1245,760,1675,0.454,168,547,0.307,461,647,0.713,310,1054,429,146,97,450,467
Memphis,35,22,13,0.629,10.84,4.73,11,7,16,2,3,7,2815,2601,,1410,986,2180,0.452,256,791,0.324,587,823,0.713,430,1332,541,279,141,523,716
Mercer,31,11,20,0.355,-2.49,0.13,6,12,9,6,2,12,2248,2246,,1245,787,1746,0.451,228,663,0.344,446,648,0.688,307,1058,393,207,80,407,557
Miami (FL),32,14,18,0.438,10.01,9.32,5,13,11,5,0,10,2297,2275,,1285,805,1849,0.435,268,805,0.333,419,570,0.735,291,1060,413,212,100,372,465
Miami (OH),32,15,17,0.469,1.08,2.62,7,11,10,5,4,10,2267,2233,,1285,777,1846,0.421,269,831,0.324,444,626,0.709,353,1190,349,193,88,413,581
Michigan State NCAA,34,28,6,0.824,25.57,12.27,16,4,15,1,8,4,2680,2228,,1370,944,1944,0.486,282,735,0.384,510,680,0.75,366,1390,645,178,186,437,575
Michigan NCAA,34,28,6,0.824,22.66,10.83,15,5,17,1,7,4,2393,1991,,1360,876,1945,0.45,274,782,0.35,367,526,0.698,277,1191,475,209,143,298,477
Middle Tennessee,32,11,21,0.344,-5.75,1.79,8,10,9,5,2,11,2141,2313,,1280,778,1858,0.419,212,650,0.326,373,551,0.677,382,1228,353,190,85,512,582
Milwaukee,31,9,22,0.29,-8.8,-2.4,4,14,6,8,3,12,2146,2315,,1245,765,1820,0.42,237,692,0.342,379,508,0.746,288,1095,355,145,94,382,579
Minnesota NCAA,34,21,13,0.618,12.77,11.16,9,11,14,3,2,9,2407,2352,,1365,840,1922,0.437,178,554,0.321,549,808,0.679,388,1260,504,163,136,407,550
Mississippi State NCAA,33,23,10,0.697,16.76,9.54,10,8,14,3,5,5,2552,2314,,1330,911,1929,0.472,284,752,0.378,446,624,0.715,385,1183,468,267,164,439,564
Mississippi Valley State,32,6,26,0.188,-22.47,-6.98,4,14,6,6,0,20,2058,2498,,1285,730,1923,0.38,172,554,0.31,426,647,0.658,378,1165,361,176,70,415,570
Mississippi NCAA,32,20,12,0.625,13.26,8.23,10,8,11,5,6,5,2413,2252,,1285,847,1844,0.459,261,729,0.358,458,585,0.783,315,1098,459,234,116,405,579
Missouri-Kansas City,32,11,21,0.344,-6.26,-1.2,6,10,8,5,3,13,2220,2341,,1290,774,1794,0.431,259,728,0.356,413,590,0.7,261,966,352,232,90,391,647
Missouri State,32,16,16,0.5,-1.01,-0.85,10,8,11,4,5,9,2206,2157,,1285,774,1714,0.452,224,649,0.345,434,627,0.692,270,1000,354,221,127,385,540
Missouri,32,15,17,0.469,8.91,9.47,5,13,9,7,2,8,2150,2168,,1290,758,1764,0.43,264,727,0.363,370,526,0.703,345,1130,354,149,53,448,625
Monmouth,35,14,21,0.4,-10.54,-4.72,10,8,6,6,5,11,2286,2490,,1420,794,1915,0.415,168,565,0.297,530,772,0.687,360,1224,379,237,101,502,697
Montana State,32,15,17,0.469,-7.83,-5.74,11,9,9,4,4,12,2502,2552,,1280,858,1882,0.456,306,818,0.374,480,651,0.737,292,1083,491,169,46,394,567
Montana NCAA,34,26,8,0.765,1.51,-5.84,16,4,12,2,9,5,2610,2323,,1365,953,1919,0.497,282,738,0.382,422,612,0.69,286,1142,498,222,101,406,637
Morehead State,33,13,20,0.394,-7.72,-1.75,8,10,7,7,4,11,2431,2543,,1335,855,1993,0.429,260,762,0.341,461,654,0.705,357,1177,440,186,137,402,561
Morgan State,30,9,21,0.3,-15.85,-10.49,4,12,6,7,2,13,2159,2304,,1210,757,1919,0.394,168,521,0.322,477,669,0.713,397,1078,358,230,48,401,614
Mount St. Mary's,31,9,22,0.29,-14.22,-5.66,6,12,4,9,5,13,2092,2286,,1240,733,1755,0.418,223,723,0.308,403,594,0.678,293,1036,354,146,107,410,576
Murray State NCAA,31,27,4,0.871,8.83,-4.38,16,2,15,1,10,3,2582,2101,,1240,938,1890,0.496,242,695,0.348,464,629,0.738,333,1172,561,235,142,376,505
Navy,31,12,19,0.387,-9.96,-3.86,8,10,8,6,4,13,2061,2250,,1240,732,1786,0.41,208,656,0.317,389,544,0.715,359,1160,399,167,58,437,534
Omaha,32,21,11,0.656,-2.21,-3.27,13,3,10,2,9,8,2523,2454,,1290,950,1998,0.475,282,719,0.392,341,473,0.721,273,1047,409,180,61,304,486
Nebraska,34,18,16,0.529,15.86,11.74,6,14,12,5,2,9,2434,2257,,1365,862,2016,0.428,258,762,0.339,452,650,0.695,354,1205,431,249,147,330,547
Nevada-Las Vegas,31,17,14,0.548,1.85,0.76,11,7,10,6,6,5,2276,2242,,1250,791,1852,0.427,251,745,0.337,443,647,0.685,408,1204,399,184,115,401,556
Nevada NCAA,33,29,4,0.879,16.58,2.58,15,3,15,0,9,3,2662,2200,,1320,905,1944,0.466,292,831,0.351,560,791,0.708,307,1234,494,204,129,338,563
New Hampshire,29,5,24,0.172,-18.48,-5.85,3,13,4,10,1,14,1742,1990,,1160,623,1656,0.376,261,787,0.332,235,385,0.61,260,987,325,117,53,356,533
New Mexico State NCAA,34,30,4,0.882,10.11,-2.74,15,1,16,1,10,1,2657,2181,,1365,937,2041,0.459,319,952,0.335,464,687,0.675,435,1304,501,191,89,403,607
New Mexico,32,14,18,0.438,-0.24,1.92,7,11,9,7,4,9,2443,2454,,1280,814,1927,0.422,292,844,0.346,523,745,0.702,351,1200,446,220,107,455,627
New Orleans,32,19,13,0.594,-8.51,-6.23,12,6,12,3,5,9,2295,2230,,1300,829,1859,0.446,182,533,0.341,455,662,0.687,378,1122,475,277,129,499,605
Niagara,32,13,19,0.406,-11.21,-7.65,6,12,8,8,5,10,2318,2432,,1285,795,1887,0.421,265,738,0.359,463,629,0.736,315,1143,343,128,125,390,511
Nicholls State,31,14,17,0.452,-11.58,-6.69,7,11,9,4,3,13,2260,2302,,1250,807,1914,0.422,324,883,0.367,322,418,0.77,280,1041,428,208,128,386,587
NJIT,34,22,12,0.647,-3.21,-4.73,8,8,11,4,11,8,2402,2319,,1370,822,1837,0.447,241,690,0.349,517,718,0.72,241,1144,367,214,91,414,566
Norfolk State,34,21,13,0.618,-8.58,-9.8,14,2,11,2,8,7,2512,2348,,1375,849,1935,0.439,263,713,0.369,551,771,0.715,331,1232,438,200,149,501,724
North Alabama,32,10,22,0.313,-10.86,-1.55,7,9,8,4,2,18,2145,2358,,1285,744,1914,0.389,240,805,0.298,417,619,0.674,351,1170,334,209,74,435,615
North Carolina-Asheville,31,4,27,0.129,-19.88,-2.41,2,14,3,10,1,15,1857,2313,,1245,655,1627,0.403,223,687,0.325,324,437,0.741,298,931,331,196,86,456,533
North Carolina A&T,32,19,13,0.594,-11.11,-9.74,13,3,11,2,7,10,2241,2209,,1290,825,1797,0.459,227,649,0.35,364,548,0.664,291,1059,452,215,108,417,515
North Carolina Central NCAA,33,18,15,0.545,-11.56,-11.4,10,6,10,2,4,12,2355,2188,,1325,850,1866,0.456,212,673,0.315,443,620,0.715,387,1227,509,207,92,506,590
North Carolina-Greensboro,35,29,6,0.829,4.73,-0.91,15,3,14,1,11,4,2669,2357,,1405,972,2120,0.458,275,790,0.348,450,646,0.697,390,1224,444,309,136,415,613
North Carolina State,34,23,11,0.676,16.1,6.87,9,9,15,4,4,6,2711,2397,,1370,997,2182,0.457,275,784,0.351,442,622,0.711,456,1316,514,245,128,430,654
North Carolina-Wilmington,33,10,23,0.303,-7.72,-1.65,5,13,5,9,2,12,2515,2670,,1335,881,1988,0.443,260,744,0.349,493,673,0.733,387,1221,495,150,68,436,585
North Carolina NCAA,33,27,6,0.818,25.28,12.16,16,2,14,2,11,1,2840,2407,,1325,1023,2207,0.464,289,792,0.365,505,681,0.742,433,1449,627,237,117,432,566
North Dakota State NCAA,33,18,15,0.545,-3.95,-2.5,9,7,10,3,4,9,2416,2382,,1330,828,1816,0.456,315,861,0.366,445,575,0.774,218,1042,383,159,82,349,492
North Dakota,30,12,18,0.4,-8.56,-3.33,6,10,8,6,4,11,2220,2196,,1200,822,1771,0.464,241,647,0.372,335,482,0.695,233,1009,398,171,87,380,485
North Florida,33,16,17,0.485,-3.36,-0.59,9,7,10,3,5,13,2485,2531,,1325,902,2014,0.448,308,897,0.343,373,539,0.692,363,1252,520,212,165,536,573
North Texas,33,21,12,0.636,0.02,-3.21,8,10,12,4,6,7,2302,2077,,1325,831,1910,0.435,284,838,0.339,356,532,0.669,368,1244,428,210,88,443,589
Northeastern NCAA,33,23,10,0.697,4.87,-0.95,14,4,11,2,8,6,2511,2319,,1345,864,1791,0.482,322,830,0.388,461,614,0.751,230,1048,473,203,71,371,528
Northern Arizona,31,10,21,0.323,-10.7,-6.19,8,12,5,7,5,13,2262,2402,,1250,785,1819,0.432,259,749,0.346,433,614,0.705,290,1055,381,196,67,372,537
Northern Colorado,32,21,11,0.656,-3.97,-6.8,15,5,10,3,11,5,2450,2229,,1295,849,1834,0.463,307,847,0.362,445,632,0.704,309,1126,424,176,100,398,535
Northern Illinois,34,17,17,0.5,2.89,1.42,8,10,10,6,5,9,2506,2413,,1375,940,1995,0.471,229,642,0.357,397,543,0.731,304,1179,374,188,75,404,653
Northern Iowa,34,16,18,0.471,-1.31,0.85,9,9,9,5,3,9,2215,2230,,1360,769,1846,0.417,276,792,0.348,401,537,0.747,262,1113,370,165,75,393,554
Northern Kentucky NCAA,34,26,8,0.765,4.53,-3.22,13,5,17,1,7,7,2690,2338,,1370,956,1986,0.481,301,823,0.366,477,717,0.665,358,1259,581,212,136,424,647
Northwestern State,31,11,20,0.355,-16.89,-5.82,6,12,8,7,3,13,2051,2280,,1250,725,1789,0.405,190,646,0.294,411,604,0.68,352,1103,340,192,138,496,578
Northwestern,32,13,19,0.406,10.46,9.65,4,16,10,8,1,9,2108,2082,,1290,735,1827,0.402,233,745,0.313,405,551,0.735,278,1086,451,176,134,349,583
Notre Dame,33,14,19,0.424,8.55,8.85,3,15,11,8,1,9,2266,2276,,1320,776,1973,0.393,272,863,0.315,442,594,0.744,370,1208,423,179,148,306,455
Oakland,33,16,17,0.485,-2.18,-1.4,11,7,10,6,6,10,2534,2515,,1325,864,1859,0.465,314,816,0.385,492,663,0.742,275,1063,581,191,99,426,534
Ohio State NCAA,33,19,14,0.576,14.42,10.99,8,12,12,6,4,7,2298,2185,,1325,797,1824,0.437,249,726,0.343,455,620,0.734,310,1145,470,195,83,413,592
Ohio,31,14,17,0.452,-1.6,3.4,6,12,11,5,3,10,2174,2288,,1255,803,1838,0.437,187,633,0.295,381,602,0.633,332,1152,451,200,115,448,504
Oklahoma State,32,12,20,0.375,8.01,11.45,5,13,8,7,2,10,2178,2288,,1285,760,1796,0.423,280,753,0.372,378,549,0.689,295,1092,422,183,139,386,516
Oklahoma NCAA,32,19,13,0.594,14.7,11.76,7,11,11,4,5,7,2277,2183,,1285,830,1864,0.445,212,620,0.342,405,586,0.691,295,1203,406,190,99,390,504
Old Dominion NCAA,34,26,8,0.765,3.96,-1.48,13,5,14,2,8,4,2252,2067,,1360,806,1960,0.411,258,731,0.353,382,579,0.66,408,1324,435,190,155,399,560
Oral Roberts,32,11,21,0.344,-9.25,-1.82,7,9,7,6,3,13,2314,2483,,1285,854,1874,0.456,266,734,0.362,340,492,0.691,335,1147,434,152,106,447,575
Oregon State,31,18,13,0.581,7.91,4.36,10,8,10,5,6,5,2275,2165,,1250,800,1728,0.463,203,633,0.321,472,636,0.742,310,1091,465,185,164,384,536
Oregon NCAA,35,23,12,0.657,12.79,5.25,10,8,13,4,5,7,2467,2203,,1410,886,1970,0.45,266,775,0.343,429,597,0.719,340,1211,467,272,149,412,622
Pacific,32,14,18,0.438,-2.2,2.23,4,12,9,7,5,10,2138,2241,,1290,710,1680,0.423,198,564,0.351,520,696,0.747,285,1041,322,196,46,423,630
Penn State,32,14,18,0.438,13.05,12.02,7,13,9,6,3,9,2229,2196,,1295,791,1898,0.417,222,693,0.32,425,613,0.693,382,1174,389,245,122,399,597
Pennsylvania,31,19,12,0.613,2.21,-0.59,7,7,10,4,8,5,2250,2117,,1265,821,1810,0.454,282,803,0.351,326,510,0.639,270,1102,463,210,77,395,500
Pepperdine,34,16,18,0.471,1.1,0.82,6,10,9,5,2,11,2572,2529,,1370,865,1949,0.444,313,819,0.382,529,696,0.76,290,1085,479,229,95,432,639
Pittsburgh,33,14,19,0.424,8.49,7.31,3,15,11,7,0,11,2306,2267,,1330,769,1841,0.418,225,680,0.331,543,779,0.697,383,1209,387,227,126,448,610
Portland State,32,16,16,0.5,-8.96,-5.79,11,9,12,4,3,10,2475,2404,,1290,856,2017,0.424,238,769,0.309,525,748,0.702,491,1282,434,264,129,449,681
Portland,32,7,25,0.219,-10.58,0.72,0,16,6,11,1,12,2078,2389,,1290,707,1708,0.414,216,664,0.325,448,668,0.671,233,1032,369,175,123,425,588
Prairie View NCAA,35,22,13,0.629,-7.33,-9.21,17,1,11,0,9,12,2627,2547,,1400,903,2062,0.438,225,703,0.32,596,875,0.681,393,1154,444,309,55,445,758
Presbyterian,33,18,15,0.545,-3.36,-5.5,9,7,12,3,6,11,2601,2389,,1325,888,1971,0.451,361,945,0.382,464,637,0.728,307,1146,518,193,67,326,566
Princeton,28,16,12,0.571,-3.25,-0.71,8,6,7,5,8,6,1948,1951,,1135,685,1666,0.411,207,679,0.305,371,502,0.739,272,1016,295,168,70,354,459
Providence,34,18,16,0.529,8.81,7.22,7,11,11,6,5,6,2428,2374,,1385,835,1973,0.423,225,690,0.326,533,771,0.691,399,1241,491,253,136,445,600
Purdue NCAA,32,23,9,0.719,21.31,11.93,16,4,15,0,6,6,2438,2138,,1290,857,1920,0.446,311,854,0.364,413,564,0.732,391,1180,462,208,129,341,558
Quinnipiac,31,16,15,0.516,-6.62,-7.88,11,7,7,7,9,6,2294,2255,,1270,739,1730,0.427,348,923,0.377,468,646,0.724,311,1111,393,159,62,415,524
Radford,33,22,11,0.667,1.21,-2.02,12,4,11,3,9,7,2440,2247,,1330,893,1937,0.461,285,750,0.38,369,515,0.717,335,1169,467,196,101,358,528
Rhode Island,33,18,15,0.545,3.09,1.45,9,9,9,5,5,7,2293,2239,,1335,821,1914,0.429,172,615,0.28,479,704,0.68,375,1194,401,235,129,405,586
Rice,32,13,19,0.406,-6.34,-1.84,8,10,9,7,4,11,2367,2481,,1305,795,1861,0.427,277,793,0.349,500,729,0.686,316,1221,424,171,103,438,568
Richmond,33,13,20,0.394,-1.19,-0.61,6,12,7,10,4,7,2314,2333,,1320,849,1800,0.472,251,723,0.347,365,552,0.661,196,957,519,249,101,336,488
Rider,31,16,15,0.516,-4.86,-6.4,11,7,9,3,6,10,2381,2333,,1245,847,1892,0.448,222,651,0.341,465,755,0.616,363,1144,450,282,101,415,591
Robert Morris,34,18,16,0.529,-9.07,-7.45,11,7,12,3,5,13,2378,2326,,1380,834,1924,0.433,273,759,0.36,437,627,0.697,361,1142,470,249,89,500,668
Rutgers,31,14,17,0.452,9.43,10.3,7,13,10,7,4,9,2105,2132,,1250,771,1842,0.419,191,612,0.312,372,584,0.637,391,1210,390,201,124,408,566
Sacramento State,31,15,16,0.484,-8.76,-6.76,8,12,9,5,4,10,2197,2155,,1250,806,1800,0.448,175,527,0.332,410,592,0.693,308,1051,431,239,104,404,566
Sacred Heart,32,15,17,0.469,-7.51,-7.74,11,7,10,3,4,13,2558,2509,,1285,885,1926,0.46,243,681,0.357,545,722,0.755,354,1230,471,170,132,465,572
Saint Francis (PA),33,18,15,0.545,-8.29,-5.77,12,6,12,4,6,10,2517,2508,,1320,885,2034,0.435,254,724,0.351,493,698,0.706,430,1246,413,221,94,402,598
Saint Joseph's,33,14,19,0.424,-0.2,1.89,6,12,10,5,2,11,2328,2397,,1325,793,1943,0.408,280,869,0.322,462,615,0.751,258,1140,397,186,110,305,497
Saint Louis NCAA,35,23,12,0.657,5.3,1.99,10,8,15,2,4,8,2347,2231,,1400,836,1999,0.418,201,652,0.308,474,793,0.598,480,1392,454,248,142,446,611
Saint Mary's (CA) NCAA,33,22,11,0.667,12.92,4.38,11,5,14,3,5,5,2406,2124,,1325,876,1850,0.474,245,648,0.378,409,549,0.745,324,1147,332,198,84,347,561
Saint Peter's,32,10,22,0.313,-12,-6.25,6,12,7,7,2,14,2012,2196,,1305,707,1639,0.431,184,567,0.325,414,570,0.726,293,1031,301,172,177,488,614
Sam Houston State,32,21,11,0.656,-2.96,-6.16,16,2,12,2,8,8,2407,2225,,1305,858,1946,0.441,302,819,0.369,389,514,0.757,359,1158,531,236,91,399,634
Samford,33,17,16,0.515,1,-1.72,6,12,11,6,5,9,2583,2487,,1355,921,1951,0.472,254,687,0.37,487,666,0.731,316,1225,461,238,127,463,560
San Diego State,34,21,13,0.618,5.6,2.78,11,7,14,3,4,7,2437,2291,,1360,845,1940,0.436,261,721,0.362,486,679,0.716,346,1228,487,197,113,424,638
San Diego,36,21,15,0.583,6.34,3.82,7,9,12,4,5,8,2591,2455,,1460,914,2002,0.457,284,808,0.351,479,641,0.747,290,1238,516,204,112,466,667
San Francisco,31,21,10,0.677,8.77,1.34,9,7,13,3,6,5,2358,2101,,1250,864,1852,0.467,258,728,0.354,372,568,0.655,340,1137,439,188,104,321,543
San Jose State,31,4,27,0.129,-16.09,0.88,1,17,4,11,0,12,2042,2534,,1250,713,1765,0.404,210,641,0.328,406,620,0.655,323,1127,423,131,52,484,539
Santa Clara,31,16,15,0.516,-1.75,1.09,8,8,11,6,4,6,2115,2172,,1255,735,1655,0.444,239,663,0.36,406,567,0.716,242,1026,416,146,111,433,597
Savannah State,31,11,20,0.355,-20.42,-8.96,8,8,6,5,4,14,2360,2694,,1245,825,2080,0.397,351,1199,0.293,359,531,0.676,383,1188,462,234,96,478,564
Seattle,32,18,14,0.563,-1.03,-3.66,6,10,12,5,4,8,2352,2210,,1290,827,1885,0.439,232,624,0.372,466,649,0.718,321,1176,368,140,115,390,640
Seton Hall NCAA,33,20,13,0.606,11.3,8.85,9,9,11,4,3,8,2440,2359,,1335,863,1959,0.441,231,714,0.324,483,682,0.708,351,1181,447,231,129,410,619
Siena,33,17,16,0.515,-7.81,-6.38,11,7,7,7,8,7,2131,2178,,1345,772,1779,0.434,288,850,0.339,299,440,0.68,248,973,413,189,93,321,462
South Alabama,34,17,17,0.5,-4.25,-2.5,8,10,13,6,3,10,2478,2465,,1375,867,1884,0.46,285,761,0.375,459,669,0.686,288,1094,471,201,141,456,649
South Carolina State,34,8,26,0.235,-16.78,-8.21,5,11,5,6,2,19,2388,2593,,1375,811,1889,0.429,193,580,0.333,573,772,0.742,376,1138,386,167,60,493,670
South Carolina Upstate,32,6,26,0.188,-15.34,-4.3,1,16,5,9,1,15,2169,2395,,1290,775,1874,0.414,269,819,0.328,350,491,0.713,305,1050,434,207,94,440,621
South Carolina,32,16,16,0.5,8.69,9.98,11,7,11,6,4,8,2327,2316,,1285,806,1907,0.423,242,662,0.366,473,694,0.682,383,1160,413,202,140,433,622
South Dakota State,33,24,9,0.727,6.05,-4.6,14,2,14,1,7,5,2789,2425,,1320,984,1965,0.501,327,802,0.408,494,635,0.778,251,1259,489,202,65,388,557
South Dakota,30,13,17,0.433,-5.35,-2.89,7,9,8,6,4,8,2118,2136,,1205,729,1663,0.438,227,665,0.341,433,585,0.74,219,942,382,165,68,324,527
South Florida,32,19,13,0.594,5.31,1.22,8,10,14,5,4,6,2312,2144,,1305,761,1774,0.429,221,677,0.326,569,887,0.641,444,1246,441,252,103,513,676
Southeast Missouri State,31,10,21,0.323,-11.22,-4.29,5,13,6,8,2,13,2216,2378,,1265,796,1809,0.44,266,719,0.37,358,519,0.69,284,1081,402,182,75,447,615
Southeastern Louisiana,33,17,16,0.515,-7.34,-6.05,12,6,9,5,7,9,2224,2228,,1320,765,1735,0.441,235,696,0.338,459,640,0.717,346,1117,452,215,80,536,602
Southern California,33,16,17,0.485,8.19,4.92,8,10,12,5,2,9,2518,2410,,1340,937,2039,0.46,281,735,0.382,363,563,0.645,324,1188,536,202,117,392,590
SIU Edwardsville,31,10,21,0.323,-14.38,-4.96,6,12,7,8,2,11,2265,2520,,1280,794,1898,0.418,201,665,0.302,476,677,0.703,351,1079,382,198,70,438,612
Southern Illinois,32,17,15,0.531,1.57,0.01,10,8,9,6,7,7,2194,2144,,1280,802,1720,0.466,213,570,0.374,377,550,0.685,289,1081,438,212,129,447,474
Southern Methodist,32,15,17,0.469,5.66,3.98,6,12,10,8,3,7,2303,2249,,1280,833,1884,0.442,263,772,0.341,374,523,0.715,365,1135,441,189,123,350,515
Southern Mississippi,32,20,12,0.625,3.96,-0.36,11,7,11,3,7,6,2324,2070,,1290,876,1875,0.467,265,683,0.388,307,469,0.655,271,1151,540,248,109,338,496
Southern Utah,32,16,16,0.5,-9.47,-6.47,9,11,10,3,4,12,2426,2423,,1295,838,1887,0.444,260,752,0.346,490,686,0.714,268,1163,404,192,103,438,660
Southern,32,7,25,0.219,-16.79,-7.38,6,12,6,5,1,18,2077,2360,,1285,752,1711,0.44,180,544,0.331,393,588,0.668,313,980,372,216,86,511,716
St. Bonaventure,34,18,16,0.529,3.61,0.52,12,6,9,5,6,7,2250,2145,,1385,821,1914,0.429,208,635,0.328,400,539,0.742,333,1183,417,199,164,421,553
St. Francis (NY),32,17,15,0.531,-9.79,-8.29,9,9,11,3,6,11,2273,2239,,1285,814,1926,0.423,259,777,0.333,386,570,0.677,338,1163,369,189,129,403,613
St. John's (NY) NCAA,33,21,12,0.636,8.71,5.99,8,10,11,4,4,7,2558,2468,,1335,922,2031,0.454,281,778,0.361,433,597,0.725,252,1076,463,290,110,341,628
Stanford,31,15,16,0.484,6.16,5.26,8,10,10,4,4,9,2255,2227,,1245,808,1782,0.453,207,652,0.317,432,643,0.672,322,1148,392,186,148,467,586
Stephen F. Austin,30,14,16,0.467,-10.71,-5.63,7,11,10,6,3,9,2105,2161,,1210,745,1696,0.439,201,588,0.342,414,607,0.682,313,1008,348,192,113,442,579
Stetson,31,7,24,0.226,-15.01,-3.46,3,13,7,8,0,16,2151,2429,,1245,794,1962,0.405,215,684,0.314,348,503,0.692,359,1110,418,210,94,394,536
Stony Brook,32,24,8,0.75,-2.1,-6.71,12,4,10,4,13,3,2285,2106,,1290,790,1872,0.422,224,687,0.326,481,671,0.717,401,1303,358,199,132,458,601
Syracuse NCAA,33,20,13,0.606,14.61,10.58,10,8,13,6,6,4,2301,2168,,1325,787,1855,0.424,262,794,0.33,465,683,0.681,356,1146,396,273,158,410,576
Temple NCAA,33,23,10,0.697,8.08,4.84,13,5,13,2,8,5,2465,2358,,1340,873,1998,0.437,247,748,0.33,472,649,0.727,316,1136,476,284,73,368,580
Tennessee-Martin,31,12,19,0.387,-10.84,-4.22,6,12,10,4,1,14,2356,2486,,1250,854,1915,0.446,250,726,0.344,398,528,0.754,351,1062,441,223,88,418,490
Tennessee State,30,9,21,0.3,-11.53,-3.06,6,12,6,7,3,14,2182,2332,,1210,751,1739,0.432,240,716,0.335,440,628,0.701,317,1032,342,219,78,497,735
Tennessee Tech,31,8,23,0.258,-14.6,-2.84,4,14,5,10,3,13,2104,2350,,1250,742,1784,0.416,213,620,0.344,407,645,0.631,330,1122,389,226,134,517,554
Tennessee NCAA,34,29,5,0.853,22.51,10.32,15,3,18,0,7,3,2781,2334,,1375,1014,2039,0.497,233,644,0.362,520,682,0.762,347,1277,619,203,184,380,593
Texas A&M-Corpus Christi,32,14,18,0.438,-8.74,-5.31,9,9,9,7,5,9,2126,2124,,1290,774,1803,0.429,202,621,0.325,376,541,0.695,349,1159,423,197,90,456,610
Texas A&M,32,14,18,0.438,7.53,8.91,6,12,9,8,3,7,2253,2297,,1280,806,1842,0.438,204,663,0.308,437,631,0.693,372,1195,376,215,142,444,521
Texas-Arlington,33,17,16,0.515,-0.25,1.1,12,6,9,5,7,10,2284,2303,,1345,781,1908,0.409,234,773,0.303,488,659,0.741,372,1237,421,211,97,467,630
Texas Christian,33,20,13,0.606,13.34,9.46,7,11,12,5,3,7,2445,2317,,1340,886,1936,0.458,254,722,0.352,419,611,0.686,354,1197,535,233,145,454,531
Texas-El Paso,29,8,21,0.276,-7.92,-1.4,3,15,8,8,0,13,1859,2001,,1170,638,1592,0.401,199,621,0.32,384,580,0.662,285,1070,306,135,83,466,551
Texas-Rio Grande Valley,35,19,16,0.543,-1.25,-1.04,9,7,10,8,8,7,2475,2456,,1410,836,2006,0.417,187,590,0.317,616,885,0.696,343,1154,461,327,95,449,734
Texas-San Antonio,32,17,15,0.531,1.03,0.39,11,7,11,4,5,7,2481,2407,,1295,896,2068,0.433,294,855,0.344,395,536,0.737,323,1216,420,213,82,402,581
Texas Southern,34,21,13,0.618,-6.51,-7.51,14,4,10,2,10,10,2719,2645,,1365,942,2095,0.45,248,771,0.322,587,881,0.666,421,1333,517,271,99,520,609
Texas State,33,24,9,0.727,2.18,-2.69,12,6,11,3,10,5,2389,2117,,1330,846,1905,0.444,238,723,0.329,459,673,0.682,395,1249,481,227,82,440,647
Texas Tech NCAA,32,26,6,0.813,21.41,7.6,14,4,17,1,6,3,2339,1897,,1285,837,1774,0.472,232,630,0.368,433,595,0.728,282,1092,429,232,157,396,567
Texas,33,17,16,0.515,15.38,11.56,8,10,12,6,2,8,2343,2217,,1330,826,1904,0.434,287,837,0.343,404,572,0.706,327,1115,422,201,137,362,558
Toledo,32,25,7,0.781,8.89,0.69,13,5,14,2,8,4,2473,2178,,1290,878,1931,0.455,316,832,0.38,401,520,0.771,322,1249,526,165,146,393,502
Towson,32,10,22,0.313,-8.09,-3.22,6,12,5,8,4,8,2170,2294,,1310,810,1860,0.435,180,550,0.327,370,531,0.697,389,1183,318,154,94,390,562
Troy,30,12,18,0.4,-5.86,-0.75,5,13,8,8,4,10,2179,2242,,1210,773,1719,0.45,236,704,0.335,397,550,0.722,277,1021,392,171,135,408,523
Tulane,31,4,27,0.129,-6.87,3.49,0,18,3,12,0,11,2082,2403,,1240,733,1784,0.411,213,670,0.318,403,585,0.689,298,1130,444,147,109,467,535
Tulsa,32,18,14,0.563,4.55,3.77,8,10,14,3,3,8,2296,2271,,1290,776,1732,0.448,222,652,0.34,522,751,0.695,239,1119,430,176,76,404,529
UCLA,33,17,16,0.515,7.27,6.87,9,9,13,5,3,7,2580,2567,,1335,919,2012,0.457,256,721,0.355,486,768,0.633,380,1361,472,194,135,467,563
Utah State NCAA,34,28,6,0.824,12.74,0.8,15,3,14,1,9,4,2692,2271,,1370,940,1983,0.474,267,752,0.355,543,727,0.747,366,1368,583,211,142,428,632
Utah Valley,34,25,9,0.735,3.52,-2.23,12,4,13,1,8,7,2640,2408,,1360,906,1868,0.485,277,719,0.385,551,757,0.728,301,1227,462,195,84,467,600
Utah,31,17,14,0.548,6.19,5.16,11,7,10,5,6,5,2343,2311,,1245,805,1735,0.464,298,806,0.37,435,616,0.706,317,1096,440,144,80,409,549
Valparaiso,33,15,18,0.455,-3.16,-0.78,7,11,8,7,5,8,2205,2187,,1335,802,1783,0.45,185,585,0.316,416,595,0.699,294,1115,431,202,101,439,546
Vanderbilt,32,9,23,0.281,3.91,8.12,0,18,8,10,1,10,2180,2315,,1285,736,1750,0.421,230,739,0.311,478,710,0.673,325,1139,371,154,126,454,568
Vermont NCAA,33,27,6,0.818,4.88,-4.69,14,2,16,2,11,4,2439,2067,,1330,841,1834,0.459,257,729,0.353,500,665,0.752,300,1161,390,186,133,361,541
Villanova NCAA,34,25,9,0.735,15.32,7.94,13,5,13,2,5,6,2532,2281,,1375,840,1912,0.439,361,1023,0.353,491,675,0.727,357,1200,485,184,103,371,558
Virginia Commonwealth NCAA,32,25,7,0.781,12.52,2.68,16,2,16,1,8,4,2286,1971,,1290,801,1811,0.442,229,745,0.307,455,652,0.698,347,1174,444,255,145,446,634
VMI,32,11,21,0.344,-10.23,0.36,4,14,8,7,2,13,2433,2617,,1290,843,1973,0.427,323,898,0.36,424,581,0.73,280,1110,442,217,61,390,541
Virginia Tech NCAA,32,24,8,0.75,19.85,7.94,12,6,14,2,5,5,2368,1987,,1290,824,1732,0.476,307,779,0.394,413,545,0.758,285,1043,491,213,74,363,489
Virginia NCAA,32,29,3,0.906,26.62,9.84,16,2,15,1,10,1,2299,1762,,1285,820,1715,0.478,271,662,0.409,388,520,0.746,284,1112,464,180,122,289,469
Wagner,30,13,17,0.433,-12.62,-7.26,8,10,7,7,6,10,1974,2044,,1205,655,1696,0.386,236,773,0.305,428,575,0.744,378,1095,351,184,108,414,639
Wake Forest,31,11,20,0.355,1.84,9.09,4,14,8,8,1,10,2119,2344,,1250,714,1812,0.394,197,640,0.308,494,681,0.725,399,1174,329,150,77,417,555
Washington State,32,11,21,0.344,-1.68,2.2,4,14,9,7,2,8,2393,2517,,1280,833,1861,0.448,301,828,0.364,426,564,0.755,276,1076,476,165,93,440,554
Washington NCAA,34,26,8,0.765,11.85,6.41,15,3,15,1,7,4,2374,2189,,1365,835,1845,0.453,254,734,0.346,450,648,0.694,322,1076,397,305,193,452,625
Weber State,33,18,15,0.545,-4.29,-6.03,11,9,10,5,5,7,2617,2454,,1330,920,1934,0.476,249,684,0.364,528,708,0.746,220,1177,382,180,140,382,608
West Virginia,34,14,20,0.412,7.2,10.94,4,14,10,6,0,10,2487,2614,,1380,841,2034,0.413,253,798,0.317,552,808,0.683,489,1338,454,210,118,535,684
Western Carolina,32,7,25,0.219,-8.92,0.69,4,14,4,8,3,14,2304,2563,,1295,792,1744,0.454,296,800,0.37,424,628,0.675,303,1135,389,135,53,577,671
Western Illinois,31,10,21,0.323,-9.87,-5.01,4,12,7,6,2,14,2198,2272,,1245,818,1859,0.44,241,626,0.385,321,440,0.73,254,1100,319,165,132,353,488
Western Kentucky,34,20,14,0.588,3.45,1.27,11,7,10,4,6,8,2429,2355,,1380,853,1910,0.447,199,608,0.327,524,724,0.724,338,1256,417,235,174,466,527
Western Michigan,32,8,24,0.25,-5.89,1.85,2,16,5,9,2,14,2246,2439,,1300,774,1822,0.425,228,723,0.315,470,681,0.69,345,1197,373,147,78,490,564
Wichita State,33,19,14,0.576,6.8,5.28,10,8,10,4,4,7,2333,2283,,1325,828,2037,0.406,247,797,0.31,430,592,0.726,411,1247,452,158,111,391,638
William & Mary,31,14,17,0.452,-4.48,-1.78,10,8,9,5,5,11,2321,2385,,1265,841,1773,0.474,254,735,0.346,385,576,0.668,251,1057,529,158,146,390,516
Winthrop,30,18,12,0.6,-2.94,-3.79,10,6,11,3,7,8,2499,2358,,1210,855,1878,0.455,372,997,0.373,417,565,0.738,330,1232,460,134,83,456,534
Wisconsin NCAA,33,23,10,0.697,19.05,11.41,14,6,12,3,8,5,2279,2027,,1345,854,1885,0.453,235,642,0.366,336,518,0.649,269,1162,421,169,139,314,496
Wofford NCAA,33,29,4,0.879,13.8,0.14,18,0,15,1,11,3,2739,2165,,1330,997,2022,0.493,364,874,0.416,381,545,0.699,350,1176,507,227,99,359,557
Wright State,35,21,14,0.6,3.34,-0.85,13,5,15,2,5,7,2561,2365,,1405,885,2029,0.436,281,818,0.344,510,692,0.737,382,1230,483,214,72,402,545
Wyoming,32,8,24,0.25,-9.44,0.5,4,14,6,10,1,11,2105,2411,,1285,690,1656,0.417,248,720,0.344,477,660,0.723,167,983,331,176,88,450,588
Xavier,33,18,15,0.545,9.67,8.39,9,9,12,5,4,7,2372,2330,,1335,862,1843,0.468,231,694,0.333,417,608,0.686,343,1192,488,179,125,430,518
Yale NCAA,29,22,7,0.759,5.46,-1.72,10,4,11,2,8,5,2353,2123,,1175,866,1740,0.498,222,597,0.372,399,542,0.736,249,1119,495,172,126,383,494
Youngstown State,32,12,20,0.375,-7.68,-1.95,8,10,6,7,5,11,2415,2526,,1305,879,2059,0.427,303,893,0.339,354,505,0.701,418,1209,449,210,115,423,656
